제품명,태그
덴마크목장 무항생제인증 우유 120ml(오리지널),
덴마크 유기농 우유120ml,
덴마크 테이크얼라이브 샤인머스캣,
덴마크 테이크얼라이브 스위티자몽,
덴마크 테이크얼라이브 망고,
덴마크 테이크 얼라이브 블러드오렌지,
덴마크 드링킹 요구르트 베리믹스,
덴마크 드링킹 요구르트 샤인머스캣,
덴마크 드링킹 요구르트 복숭아,
덴마크 드링킹 요구르트 사과,
덴마크 드링킹 요구르트 플레인,
덴마크 드링킹 요구르트 딸기,
덴마크 구워먹는치즈 오리지널,
덴마크 요거밀 자색고구마,
덴마크 요거밀 단호박,
덴마크 요거밀 귀리 플레인,
리얼 가쓰오 크랩스,
양반 감태김,
양반 초사리김,
양반 더 바삭한 김,
딤섬 부추창펀,
딤섬 새우하가우,
개성 김치 왕만두,
개성 왕만두,
그릴리 블랙퍼스트,
그릴리 극한 직화 후랑크 치즈,
그릴리 델리햄,
그릴리 직화 삼겹살,
그릴리 직화 부어스트,
그릴리 크럼 부어스트,
그릴리 랭거 부어스트,
그릴리 황금치킨 닭가슴살 블랙페퍼,
그릴리 초리조 부어스트,
그릴리 황금 닭가슴살 오리지널,
그릴리 극한 직화 후랑크,
그릴리 직화 닭가슴살 스테이크,
양반 수라 차돌육개장,
양반 수라 한우사골설렁탕,
양반 수라 한우사골곰탕,
양반 수라 돼지고기 김치찌개,
양반 수라 부대찌개,
양반 수라 왕갈비탕,
양반 수라 도가니설렁탕,
양반 뚝배기 소고기 미역국,
양반 뚝배기 돼지국밥,
양반 뚝배기 대파 사골곰탕,
양반 비빔드밥 짜장밥(포켓),
양반 비빔드밥 참치김치 비빔밥,
양반 비빔드밥 불고기비빔밥(포켓),
양반 비빔드밥 매운참치비빔밥(컵),
양반 비빔드밥 불고기비빔밥(컵),
양반 비빔드밥 돌솥비빕밥(컵),
양반 오미밥,
양반 흑미밥,
양반 현미밥,
양반 쌀밥,
저스트 노슈가 황도 2절,
저스트 노슈가 황도 슬라이스,
저스트 노슈가 스위트콘,
동원 마이플랜트 오리지널,
동원참치 마이플랜트 불닭마요,
동원참치 마이플랜트 레드고추,
동원참치 마이플랜트 고소마요,
동원참치 마이플랜트 오리지널,
동원참치 마이플랜트,
동원참치 루피는 참치마요,
동원참치 살코기 인 워터,
동원참치 김치찌개용,
동웜참치 튜나페 갈릭마요,
동원참치 튜나페 체다치즈,
동원참치 튜나페 고소마요,
동원참치 스프레드 갈릭마요,
동원참치 스프레드 고소마요,
동원참치 스프레드 체다치즈,
동원 카레참치,
동원 짜장참치,
동원 불참치,
리챔 순살꼬꼬,
리챔 더블라이트,
동원맛참 매콤참기름,
동원맛참 고소참기름,
덴마크 유기농 A2우유 750mL,
덴마크 유기농 A2우유 120mL,
덴마크 산양단백질우유 750mL,
덴마크 산양단백질우유 120mL,
프리미엄 동원참치액,
동원참치액 순,
동원참치액 진,
동원 자른당면 300g,
동원 일품당면 500g,
동원 사과식초,
동원 얼큰칼칼 쌀떡국,
동원 천사의 선물 프리미엄 구운소금,
동원 국물의 신 매콤한알,
동원 국물의 신 쇠고기한알,
동원 국물의 신 멸치한알,
동원 국물의 신 참치한알,
동원 참치액 대단량,
우리쌀로만든 달콤조청 떡강정,
우리쌀로만든 오리지널 떡강정,
떡볶이의신 우리쌀로만든 고추장 떡볶이(2인),
떡볶이의신 우리쌀 로제떡볶이,
떡볶이의신 우리쌀 짜장라볶이,
떡볶이의신 우리쌀 즉석라볶이,
떡볶이의신 우리쌀 치즈떡볶이,
떡볶이의신 우리쌀 국물떡볶이,
면발의신 미역 냉국수,
면발의신 시금치 비빔국수,
면발의신 밥이랑 김치짜글면,
면발의신 밥이랑 돼지고기국수,
우리쌀로만든 별미짜장 칼떡볶이,
우리쌀로만든 매콤달콤 국물떡볶이,
우리쌀로만든 단짠궁중 칼떡볶이,
우리쌀로만든 매콤로제 칼떡볶이,
떡볶이의신 로제 컵떡볶이,
면발의신 들기름김 막국수,
면발의신 얼큰칼국수,
면발의신 오이비빔냉면,
면발의신 동치미물냉면,
추억부산 쫄깃사각,
추억부산 종합,
추억부산 봉각,
추억부산 사각,
바른어묵 간식어묵(피자),
바른어묵 간식어묵(감자베이컨),
바른어묵 간식어묵(치즈),
바른어묵 종합어묵(해물),
바른어묵 종합어묵(야채),
바른어묵 국탕용,
바른어묵 전골용,
바른어묵 도톰사각,
바른어묵 얇은사각,
동원 게맛살,
동원 김밥에딱 엄선랍스틱,
더킹 씬크랩스,
더킹 볼케이노 크랩스,
더킹 쉬림프 오리지널,
동원 로스트 크랩스,
더킹 크랩스,
더킹 랍스터,
동원 통그릴비엔나,
볶음갓김치(파우치),
볶음김치(파우치),
양반 캔 갓김치,
양반 캔볶음김치,
산지양반 깍두기,
산지양반 갓김치,
산지양반 총각김치,
산지양반 묵은지,
산지양반 남도식포기김치,
산지양반 포기김치,
파김치(트레이),
갓김치(트레이),
포기김치(트레이),
올리브김,
참기름김,
들기름김,
수라 왕갈비,
수라 도가니설렁탕,
통참치김치찌개,
차돌된장찌개,
백합미역국,
차돌육개장,
밤단팥죽(파우치),
단호박죽(파우치),
쇠고기죽(파우치),
전복죽(파우치),
양반 전복죽,
리챔 프로틴,
리챔 트러플,
동원 김치참치,
동원 진한사골 쌀떡국,
떡볶이의신 어묵떡볶이(냉동),
떡볶이의신 매콤로제떡볶이(냉동),
떡볶이의신 고추장떡볶이(냉동),
양반 수정과,
양반 식혜,
동원 순백보리,
면발의신 해물칼국수,
면발의신 닭칼국수,
면발의신 들깨칼국수,
면발의신 볶음우동,
면발의신 가쓰오우동,
쿨피스톡 파인애플,
쿨피스톡 복숭아,
미네마인스파클링 라임,
미네마인스파클링 레몬,
보성말차,
면발의신 콩국수,
면발의신 메밀국수,
면발의신 원조 생쫄면,
떡볶이의신 신당동 즉석쫄볶이,
떡볶이의신 학교앞 국물떡볶이,
떡볶이의신 짜장떡볶이,
떡볶이의신 매운떡볶이,
떡볶이의신 더매운 컵떡볶이,
떡볶이의신 고소한치즈 컵떡볶이,
떡볶이의신 매콤달콤 컵떡볶이,
인포켓치즈 라이트,
심야식당 주꾸미볶음,
심야식당 매콤오돌뼈,
심야식당 불막창,
덴마크 동물복지 우유 (가정배달 전용),
동원샘물 18.9L,
개성왕새우만두,
매운리챔,
동원샘물 [대형/18.9L),
동원 백도 (2절),
동원 황도 (2절),
덴마크 무항생제 우유 900ml,
동원샘물 13L,
덴마크 무항생제 우유 450ml,
동원샘물 2L,
덴마크 무항생제 우유 180ml,
동원샘물 500ML,
동원샘물 300ML,
미네마인 스파클링,
덴마크 무항생제 우유 (가정배달 전용),
덴마크 테이크얼라이브 망고 120mL,
덴마크 테이크얼라이브 스위티자몽 120mL,
동원참치즈,
신선한 국산 원유로 만든 MOZZARELLA 피자치즈,
덴마크 모짜렐라치즈,
덴마크 피자치즈,
함박눈꽃치즈,
짜지않은치즈 고칼슘&비타민,
짜지않은치즈 오리지널,
자연방목 유기농 짜지않은 아기치즈 단호박,
덴마크 유기농 짜지않은 아기치즈 2단계,
덴마크 유기농 짜지않은 아기치즈 1단계,
인포켓치즈 오리지널,
덴마크 하루이팜 (가정배달 전용),
덴마크 테이크얼라이브 블러드오렌지,
덴마크 테이크얼라이브 스위티자몽,
덴마크 테이크얼라이브 망고,
덴마크 산양요구르트 블루베리 (가정배달 전용),
덴마크 산양요구르트 플레인 (가정배달 전용),
바나나맛우유,
모닝시리얼우유,
커피커피우유,
초코초코우유,
바나바나우유,
딸기딸기우유,
콩카페 연유라떼,
콩카페 코코넛라떼,
커핑로드 모카라떼,
커핑로드 에스프레소라떼,
커핑로드 카페봉봉,
이태리안 피자치즈 스키니,
이태리안 피자치즈,
트리플 슬라이스,
소와나무 체다치즈,
스윗크림치즈,
소와나무 모짜렐라 치즈,
고칼슘치즈 (2차점 전용),
고칼슘치즈,
쿨피스파인,
쿨피스자두,
생크림요거트오리지널,
비피더스 명장 베리믹스,
비피더스 명장 복숭아,
비피더스 명장 포도,
다방커피 카라멜,
다방커피 헤이즐넛,
다방커피 오리지날,
365일 순수한 목장 저지방우유,
365일 순수한 목장우유,
덴마크 대니쉬 The건강한 우유 오리지널,
덴마크 우리아이밀크 (가정배달 전용),
쎈쿡 100% 발아현미밥,
쎈쿡 100% 현미밥,
대니쉬 The건강한 저지방우유,
쎈쿡 100% 통곡물밥,
덴마크 저지방우유 (가정배달 전용),
동원참치 MSC동원참치,
리챔 오리지널,
덴마크 산양우유 (가정배달 전용),
양반 쇠고기죽,
양반 야채죽,
양반 참치죽,
리얼랍스터 더킹 랍스터맛,
고칼슘우유,
비피더스 명장 사과,
쿨피스복숭아,
생크림S,
사워크림,
모닝버터 하이올레익 해바라기유,
모닝버터 카놀라유,
심야식당 뼈없는불닭발,
동원 자연산 골뱅이탕,
동원 을지로 골뱅이&구운아귀채,
동원 을지로골뱅이&진미채,
을지로골뱅이,
Dole 파인애플 원터치,
뉴트리플랜 흰살참치와 닭가슴살,
동원 자연산골뱅이,
동원 고등어,
동원 꽁치,
동원 김치찌개용 꽁치,
동원 화끈한 골뱅이,
Dole 후르츠칵테일,
동원 매운고추참치,
동원 황도 (슬라이스),
동원 부드러운 스위트콘,
동원 런천미트,
동원 순닭가슴살,
동원EPA참치100g,
동원 마요참치,
동원 김치찌개용참치,
동원 고추참치,
동원 마일드참치,
동원 DHA참치,
동원 황다랑어 포도씨유참치,
동원 야채참치,
동원 올리브유 참치,
동원 지중해황도,
동원 라이트튜나 프리미엄,
동원 라이트튜나,
동원 뽀로로참치,
동원 포도씨유,
동원 올리브유,
동원 카놀라유,
동원샘물 [PET],
양반단호박죽,
양반 밤단팥죽,
동원 국산고구마당면 400g,
알래스카크랩스,
개성왕교자만두,
개성 물만두,
개성 잡채군만두,
개성 감자만두,
양반 캔김치,
뉴트리플랜 흰살참치와 멸치,
뉴트리플랜 흰살참치와 치즈,
동원 라이트스탠다드참치,
